algorithm,N,k,comparisons,time,entry_time
quick_sort,100000,100,0,0,1652159204.0450437
quick_sort,100000,10,0,0,1652159206.1948743
quick_sort,21544,10,0,0,1652159206.539523
quick_sort,10000,10,0,0,1652159208.7571383
quick_sort,46415,10,0,0,1652159211.7366962
quick_sort,152641,10,0,0,1652159862.8532054
quick_sort,184206,10,0,0,1652159898.5374434
quick_sort,471486,100,0,0,1652159904.3225
quick_sort,71968,10,0,0,1652159905.8710272
quick_sort,222299,100,0,0,1652159970.9302225
quick_sort,828642,100,0,0,1652159978.4506466
quick_sort,323745,100,0,0,1652159984.026408
quick_sort,49417,10,0,0,1652160010.2123883
quick_sort,471486,10,0,0,1652160204.477857
quick_sort,222299,10,0,0,1652160323.2456942
quick_sort,828642,10,0,0,1652160341.14833
quick_sort,268269,10,0,0,1652160354.2443979
quick_sort,686648,10,0,0,1652160388.4469814
quick_sort,126485,10,0,0,1652160403.328091
quick_sort,390693,100,0,0,1652160413.160688
quick_sort,1000000,10,0,0,1652160507.329449
quick_sort,268269,100,0,0,1652160508.17647
quick_sort,86851,10,0,0,1652160520.4091446
quick_sort,19306,10,0,0,1652160557.1072462
quick_sort,568986,100,0,0,1652160562.58945
quick_sort,28117,10,0,0,1652160572.6151493
quick_sort,390693,10,0,0,1652160586.9666755
quick_sort,23299,10,0,0,1652160595.2834537
quick_sort,13257,10,0,0,1652160597.589316
quick_sort,152641,100,0,0,1652160656.4709992
quick_sort,184206,100,0,0,1652160663.0121927
quick_sort,15998,10,0,0,1652160675.4357986
quick_sort,59636,10,0,0,1652160678.723574
quick_sort,104811,10,0,0,1652160710.9550707
quick_sort,33932,10,0,0,1652160779.1547265
quick_sort,10985,10,0,0,1652160804.514019
quick_sort,568986,10,0,0,1652160820.6236248
quick_sort,686648,100,0,0,1652160829.2989469
quick_sort,104811,100,0,0,1652160881.617233
quick_sort,1000000,1000,0,0,1652160898.4311006
quick_sort,40949,10,0,0,1652160899.675817
quick_sort,1000000,100,0,0,1652160906.3423553
quick_sort,323745,10,0,0,1652160922.1408818
quick_sort,126485,100,0,0,1652160926.4361265
quick_sort,217785,9,0,0,1652162065.1628242
quick_sort,264566,99,0,0,1652162147.5230508
quick_sort,9680,9,0,0,1652162147.9277923
quick_sort,179275,99,0,0,1652162164.7578197
quick_sort,24795,9,0,0,1652162253.1025198
quick_sort,232379,40,0,0,1652162291.855396
quick_sort,390435,9,0,0,1652162301.0008595
quick_sort,677619,99,0,0,1652162320.8014631
quick_sort,240038,40,0,0,1652162322.1131265
quick_sort,59517,40,0,0,1652162324.5686617
quick_sort,331991,99,0,0,1652162349.7146618
quick_sort,331991,40,0,0,1652162419.2692022
quick_sort,26456,9,0,0,1652162434.593746
quick_sort,96808,99,0,0,1652162441.9618013
quick_sort,54000,9,0,0,1652162446.077316
quick_sort,85031,40,0,0,1652162450.4174938
quick_sort,342934,99,0,0,1652162454.3342834
quick_sort,168016,40,0,0,1652162472.9168112
quick_sort,291600,99,0,0,1652162477.2595277
quick_sort,106701,99,0,0,1652162482.491812
quick_sort,191289,99,0,0,1652162483.2279642
quick_sort,354238,40,0,0,1652162557.6177616
quick_sort,21778,9,0,0,1652162569.9795725
quick_sort,635063,40,0,0,1652162637.4627738
quick_sort,87833,9,0,0,1652162724.7518208
quick_sort,152439,40,0,0,1652162725.606738
quick_sort,878338,40,0,0,1652162745.4177783
quick_sort,168016,99,0,0,1652162760.5676534
quick_sort,796908,99,0,0,1652162773.6706583
quick_sort,142866,40,0,0,1652162808.0730646
quick_sort,968089,999,0,0,1652162826.1995173
quick_sort,197594,40,0,0,1652162840.9248567
quick_sort,48993,9,0,0,1652162846.1204326
quick_sort,133893,40,0,0,1652162846.724669
quick_sort,10329,9,0,0,1652162856.4236095
quick_sort,723027,40,0,0,1652162871.6776161
quick_sort,321397,40,0,0,1652162894.7033
quick_sort,13389,9,0,0,1652162898.8864534
quick_sort,301212,9,0,0,1652162913.097175
quick_sort,48993,40,0,0,1652162917.202875
quick_sort,522769,9,0,0,1652162936.3286579
quick_sort,45916,40,0,0,1652163005.493819
quick_sort,65599,40,0,0,1652163045.102306
quick_sort,15243,9,0,0,1652163056.0135121
quick_sort,36591,9,0,0,1652163059.0799055
quick_sort,93719,99,0,0,1652163089.349201
quick_sort,746860,99,0,0,1652163097.2030694
quick_sort,1000000,99,0,0,1652163101.3170383
quick_sort,282295,9,0,0,1652163129.3832242
quick_sort,55780,40,0,0,1652163162.8396626
quick_sort,796908,400,0,0,1652163168.8633556
quick_sort,540000,9,0,0,1652163192.8900387
quick_sort,937197,99,0,0,1652163204.387855
quick_sort,43033,9,0,0,1652163205.2345273
quick_sort,47430,40,0,0,1652163218.188753
quick_sort,390435,40,0,0,1652163232.2209303
quick_sort,655996,40,0,0,1652163284.6455693
quick_sort,32139,9,0,0,1652163288.2842371
quick_sort,614797,99,0,0,1652163289.9016979
quick_sort,21083,9,0,0,1652163291.2564778
quick_sort,103296,99,0,0,1652163423.7957218
quick_sort,79690,40,0,0,1652163424.1614969
quick_sort,35423,9,0,0,1652163434.067065
quick_sort,217785,99,0,0,1652163461.8516169
quick_sort,256124,9,0,0,1652163477.4776626
quick_sort,103296,40,0,0,1652163493.5246766
quick_sort,224963,40,0,0,1652163525.2960808
quick_sort,210835,40,0,0,1652163526.6709378
quick_sort,247951,9,0,0,1652163533.016701
quick_sort,557800,40,0,0,1652163540.767488
quick_sort,403305,400,0,0,1652163541.789843
quick_sort,522769,99,0,0,1652163558.2855244
quick_sort,18518,9,0,0,1652163665.678539
quick_sort,321397,99,0,0,1652163677.7312982
quick_sort,430331,40,0,0,1652163693.5183878
quick_sort,365915,400,0,0,1652163719.4309664
quick_sort,74686,40,0,0,1652163759.1300874
quick_sort,489937,9,0,0,1652163780.3420663
quick_sort,31114,9,0,0,1652163797.4119275
quick_sort,247951,99,0,0,1652163805.722799
quick_sort,121480,99,0,0,1652163808.6713557
quick_sort,635063,9,0,0,1652163877.8678324
quick_sort,217785,40,0,0,1652163879.065016
quick_sort,52276,40,0,0,1652163898.9228961
quick_sort,19128,9,0,0,1652163900.5939515
quick_sort,138307,40,0,0,1652164003.9498649
quick_sort,907290,400,0,0,1652164020.9256847
quick_sort,11021,9,0,0,1652164061.2816505
quick_sort,416599,400,0,0,1652164186.4803698
quick_sort,474303,400,0,0,1652164218.3408709
quick_sort,204107,99,0,0,1652164237.2357376
quick_sort,59517,9,0,0,1652164239.579267
quick_sort,635063,99,0,0,1652164253.5369751
quick_sort,850310,99,0,0,1652164257.572523
quick_sort,595179,400,0,0,1652164265.6096575
quick_sort,878338,400,0,0,1652164291.6153266
quick_sort,39043,9,0,0,1652164302.1048388
quick_sort,377976,400,0,0,1652164327.0095627
quick_sort,50608,9,0,0,1652164328.0069752
quick_sort,179275,40,0,0,1652164344.947863
quick_sort,117604,9,0,0,1652164347.5058622
quick_sort,85031,9,0,0,1652164358.3367763
quick_sort,100000,99,0,0,1652164359.373839
quick_sort,850310,40,0,0,1652164374.7727349
quick_sort,506087,400,0,0,1652164388.7019215
quick_sort,557800,9,0,0,1652164412.5216737
quick_sort,224963,99,0,0,1652164456.8607106
quick_sort,699955,9,0,0,1652164549.376567
quick_sort,14757,9,0,0,1652164563.5322483
quick_sort,65599,9,0,0,1652164594.1796093
quick_sort,342934,40,0,0,1652164600.3311067
quick_sort,22496,9,0,0,1652164601.5897505
quick_sort,699955,40,0,0,1652164648.0601275
quick_sort,240038,9,0,0,1652164653.2515879
quick_sort,474303,99,0,0,1652164755.6705005
quick_sort,677619,40,0,0,1652164797.6878965
quick_sort,301212,40,0,0,1652164799.1921952
quick_sort,27328,9,0,0,1652164804.4591334
quick_sort,12148,9,0,0,1652164827.4607913
quick_sort,8783,9,0,0,1652164837.2437658
quick_sort,10670,9,0,0,1652164838.5326884
quick_sort,416599,99,0,0,1652164851.916789
quick_sort,129621,99,0,0,1652164852.2105954
quick_sort,557800,400,0,0,1652164896.054707
quick_sort,173554,40,0,0,1652164917.8134744
quick_sort,113851,9,0,0,1652164920.2737162
quick_sort,311141,40,0,0,1652164925.2461658
quick_sort,273287,9,0,0,1652164942.7698543
quick_sort,25612,9,0,0,1652164948.4285996
quick_sort,489937,40,0,0,1652164965.3807893
quick_sort,96808,40,0,0,1652165079.723764
quick_sort,1000000,9,0,0,1652165116.1873362
quick_sort,147575,40,0,0,1652165136.2319138
quick_sort,224963,9,0,0,1652165164.6102982
quick_sort,57618,40,0,0,1652165213.3312967
quick_sort,15746,9,0,0,1652165218.857855
quick_sort,45916,9,0,0,1652165248.2409205
quick_sort,311141,9,0,0,1652165331.0421011
quick_sort,699955,99,0,0,1652165334.9488118
quick_sort,444515,400,0,0,1652165353.5520883
quick_sort,121480,9,0,0,1652165428.9360974
quick_sort,147575,99,0,0,1652165474.855759
quick_sort,74686,9,0,0,1652165596.9231772
quick_sort,771478,400,0,0,1652165611.2524157
quick_sort,69995,40,0,0,1652165629.0766327
quick_sort,185184,40,0,0,1652165707.9300377
quick_sort,162655,40,0,0,1652165768.9309638
quick_sort,796908,40,0,0,1652165790.1501937
quick_sort,1000000,40,0,0,1652165828.0065055
quick_sort,907290,9,0,0,1652165892.8225079
quick_sort,595179,40,0,0,1652165953.2282383
quick_sort,771478,99,0,0,1652165954.9814553
quick_sort,474303,40,0,0,1652165974.2847943
quick_sort,614797,400,0,0,1652165990.5644002
quick_sort,540000,99,0,0,1652166000.6529067
quick_sort,44451,9,0,0,1652166055.2544997
quick_sort,129621,40,0,0,1652166065.710433
quick_sort,430331,9,0,0,1652166134.1524134
quick_sort,72302,40,0,0,1652166178.1812115
quick_sort,635063,400,0,0,1652166186.6870608
quick_sort,968089,400,0,0,1652166190.032647
quick_sort,138307,99,0,0,1652166202.193143
quick_sort,191289,9,0,0,1652166245.1285095
quick_sort,377976,40,0,0,1652166291.6773467
quick_sort,522769,40,0,0,1652166326.4662898
quick_sort,365915,40,0,0,1652166405.630338
quick_sort,321397,9,0,0,1652166465.2360623
quick_sort,125484,9,0,0,1652166477.2455418
quick_sort,264566,40,0,0,1652166492.6727672
quick_sort,100000,9,0,0,1652166530.805048
quick_sort,823176,9,0,0,1652166550.5608633
quick_sort,39043,40,0,0,1652166558.8700974
quick_sort,79690,9,0,0,1652166566.2274554
quick_sort,850310,400,0,0,1652166571.7111418
quick_sort,264566,9,0,0,1652166591.2073872
quick_sort,282295,99,0,0,1652166609.4993274
quick_sort,61479,9,0,0,1652166620.818496
quick_sort,11760,9,0,0,1652166621.0139866
quick_sort,937197,40,0,0,1652166649.0297232
quick_sort,185184,99,0,0,1652166650.318999
quick_sort,746860,9,0,0,1652166677.8807545
quick_sort,282295,40,0,0,1652166705.0776837
quick_sort,937197,999,0,0,1652166715.4378185
quick_sort,365915,99,0,0,1652166754.5319855
quick_sort,17927,9,0,0,1652166775.3117392
quick_sort,121480,40,0,0,1652166794.555535
quick_sort,677619,400,0,0,1652166822.694224
quick_sort,90729,40,0,0,1652166834.4584816
quick_sort,576186,9,0,0,1652166852.8683171
quick_sort,106701,40,0,0,1652166859.6362092
quick_sort,10000,9,0,0,1652166902.6501327
quick_sort,723027,9,0,0,1652166969.17955
quick_sort,273287,40,0,0,1652166973.6921628
quick_sort,489937,99,0,0,1652166975.116515
quick_sort,24003,9,0,0,1652166980.560515
quick_sort,11385,9,0,0,1652166981.7005723
quick_sort,557800,99,0,0,1652166995.9847465
quick_sort,390435,400,0,0,1652167063.5573509
quick_sort,17355,9,0,0,1652167067.3752575
quick_sort,47430,9,0,0,1652167097.6956198
quick_sort,878338,99,0,0,1652167113.1097872
quick_sort,595179,9,0,0,1652167137.9227815
quick_sort,342934,9,0,0,1652167157.2374916
quick_sort,403305,40,0,0,1652167182.3885362
quick_sort,240038,99,0,0,1652167188.4027503
quick_sort,522769,400,0,0,1652167240.9483957
quick_sort,723027,99,0,0,1652167245.5867457
quick_sort,9371,9,0,0,1652167290.936181
quick_sort,907290,999,0,0,1652167337.540612
quick_sort,52276,9,0,0,1652167361.8409944
quick_sort,331991,9,0,0,1652167396.4329872
quick_sort,29160,9,0,0,1652167397.0531933
quick_sort,506087,99,0,0,1652167445.268108
quick_sort,1000000,400,0,0,1652167455.071068
quick_sort,311141,99,0,0,1652167480.6443694
quick_sort,152439,99,0,0,1652167498.9937978
quick_sort,9072,9,0,0,1652167501.4329858
quick_sort,125484,40,0,0,1652167529.0471895
quick_sort,147575,9,0,0,1652167584.6263866
quick_sort,152439,9,0,0,1652167598.1134427
quick_sort,106701,9,0,0,1652167603.8507726
quick_sort,746860,40,0,0,1652167624.8964646
quick_sort,133893,99,0,0,1652167633.9107091
quick_sort,655996,99,0,0,1652167653.3172278
quick_sort,100000,40,0,0,1652167666.2851882
quick_sort,191289,40,0,0,1652167682.4541821
quick_sort,12548,9,0,0,1652167706.9699876
quick_sort,162655,9,0,0,1652167710.5328763
quick_sort,63506,40,0,0,1652167775.1131778
quick_sort,110218,40,0,0,1652167806.246326
quick_sort,576186,40,0,0,1652167877.539889
quick_sort,459168,400,0,0,1652167878.257606
quick_sort,576186,400,0,0,1652167885.262581
quick_sort,540000,40,0,0,1652167904.9522583
quick_sort,444515,40,0,0,1652167992.6887481
quick_sort,197594,9,0,0,1652167998.0169652
quick_sort,474303,9,0,0,1652168029.7480762
quick_sort,403305,99,0,0,1652168055.5731404
quick_sort,96808,9,0,0,1652168057.6865313
quick_sort,354238,99,0,0,1652168082.2619393
quick_sort,129621,9,0,0,1652168127.8573768
quick_sort,173554,99,0,0,1652168131.941686
quick_sort,12962,9,0,0,1652168136.6030884
quick_sort,54000,40,0,0,1652168202.5352275
quick_sort,937197,400,0,0,1652168210.4703565
quick_sort,113851,40,0,0,1652168330.4541528
quick_sort,133893,9,0,0,1652168344.7222877
quick_sort,823176,99,0,0,1652168352.4418857
quick_sort,430331,400,0,0,1652168429.7920656
quick_sort,210835,9,0,0,1652168466.6359413
quick_sort,968089,40,0,0,1652168473.4970365
quick_sort,50608,40,0,0,1652168479.4257886
quick_sort,185184,9,0,0,1652168546.456428
quick_sort,125484,99,0,0,1652168560.1663508
quick_sort,30121,9,0,0,1652168569.5939906
quick_sort,57618,9,0,0,1652168583.6015525
quick_sort,168016,9,0,0,1652168623.9817755
quick_sort,204107,9,0,0,1652168628.837148
quick_sort,771478,40,0,0,1652168645.507655
quick_sort,489937,400,0,0,1652168651.4007838
quick_sort,61479,40,0,0,1652168664.9962835
quick_sort,16265,9,0,0,1652168669.5265129
quick_sort,19759,9,0,0,1652168719.5198805
quick_sort,291600,9,0,0,1652168726.1423123
quick_sort,93719,9,0,0,1652168731.4297276
quick_sort,796908,9,0,0,1652168768.6111486
quick_sort,77147,9,0,0,1652168795.0968559
quick_sort,93719,40,0,0,1652168796.7248003
quick_sort,16801,9,0,0,1652168809.724353
quick_sort,117604,99,0,0,1652168928.9709258
quick_sort,63506,9,0,0,1652168992.985225
quick_sort,14286,9,0,0,1652169002.7637367
quick_sort,157464,99,0,0,1652169062.1551175
quick_sort,44451,40,0,0,1652169064.9861267
quick_sort,67761,40,0,0,1652169132.283204
quick_sort,459168,9,0,0,1652169196.365309
quick_sort,142866,9,0,0,1652169199.7534149
quick_sort,210835,99,0,0,1652169233.087137
quick_sort,40330,40,0,0,1652169235.242535
quick_sort,247951,40,0,0,1652169238.9690363
quick_sort,459168,40,0,0,1652169264.3110166
quick_sort,33199,9,0,0,1652169279.4679675
quick_sort,162655,99,0,0,1652169391.1049192
quick_sort,34293,9,0,0,1652169472.5283675
quick_sort,506087,40,0,0,1652169487.5622993
quick_sort,655996,400,0,0,1652169488.1398802
quick_sort,416599,9,0,0,1652169604.6650636
quick_sort,117604,40,0,0,1652169605.2304873
quick_sort,256124,40,0,0,1652169618.0476644
quick_sort,907290,40,0,0,1652169679.7518451
quick_sort,41659,40,0,0,1652169711.9772487
quick_sort,142866,99,0,0,1652169785.4431603
quick_sort,390435,99,0,0,1652169786.1990402
quick_sort,13830,9,0,0,1652169786.4038732
quick_sort,576186,99,0,0,1652169966.1569705
quick_sort,377976,99,0,0,1652170024.8869603
quick_sort,20410,9,0,0,1652170027.541272
quick_sort,23237,9,0,0,1652170029.9424958
quick_sort,416599,40,0,0,1652170159.8955874
quick_sort,103296,9,0,0,1652170186.1671882
quick_sort,301212,99,0,0,1652170227.9955206
quick_sort,67761,9,0,0,1652170286.6368184
quick_sort,878338,9,0,0,1652170314.3796217
quick_sort,444515,99,0,0,1652170327.582275
quick_sort,110218,99,0,0,1652170358.600295
quick_sort,37797,9,0,0,1652170509.276306
quick_sort,173554,9,0,0,1652170529.474536
quick_sort,907290,99,0,0,1652170537.798197
quick_sort,291600,40,0,0,1652170548.7907336
quick_sort,55780,9,0,0,1652170612.3161485
quick_sort,459168,99,0,0,1652170657.7308846
quick_sort,138307,9,0,0,1652170662.1145885
quick_sort,746860,400,0,0,1652170750.9599793
quick_sort,614797,40,0,0,1652170767.2173736
quick_sort,204107,40,0,0,1652170780.0162046
quick_sort,540000,400,0,0,1652170795.435519
quick_sort,43033,40,0,0,1652170798.0946112
quick_sort,41659,9,0,0,1652170821.988397
quick_sort,614797,9,0,0,1652170857.1639922
quick_sort,937197,9,0,0,1652170878.1126401
quick_sort,823176,40,0,0,1652170883.5992718
quick_sort,354238,9,0,0,1652170938.000364
quick_sort,90729,9,0,0,1652170939.8971744
quick_sort,37797,40,0,0,1652171090.9302042
quick_sort,197594,99,0,0,1652171092.4381378
quick_sort,655996,9,0,0,1652171150.0522919
quick_sort,723027,400,0,0,1652171158.761205
quick_sort,444515,9,0,0,1652171181.7705674
quick_sort,823176,400,0,0,1652171230.2970414
quick_sort,110218,9,0,0,1652171241.797325
quick_sort,77147,40,0,0,1652171242.5916703
quick_sort,82317,40,0,0,1652171252.574518
quick_sort,28229,9,0,0,1652171268.8692293
quick_sort,40330,9,0,0,1652171280.7928295
quick_sort,113851,99,0,0,1652171304.7314699
quick_sort,968089,9,0,0,1652171385.1828547
quick_sort,403305,9,0,0,1652171429.0720804
quick_sort,771478,9,0,0,1652171458.21482
quick_sort,157464,40,0,0,1652171488.9376986
quick_sort,968089,99,0,0,1652171692.718302
quick_sort,87833,40,0,0,1652171730.7175014
quick_sort,82317,9,0,0,1652171758.8700383
quick_sort,377976,9,0,0,1652171818.707512
quick_sort,699955,400,0,0,1652171822.0037944
quick_sort,232379,9,0,0,1652171827.0689487
quick_sort,1000000,999,0,0,1652171859.7344546
quick_sort,179275,9,0,0,1652171895.5055857
quick_sort,273287,99,0,0,1652171896.4947557
quick_sort,430331,99,0,0,1652171902.6830556
quick_sort,72302,9,0,0,1652171904.1742194
quick_sort,506087,9,0,0,1652171992.1153727
quick_sort,69995,9,0,0,1652172001.0839
quick_sort,232379,99,0,0,1652172001.5926504
quick_sort,677619,9,0,0,1652172017.6323447
quick_sort,850310,9,0,0,1652172051.0132186
quick_sort,365915,9,0,0,1652172071.5602412
quick_sort,256124,99,0,0,1652172073.904317
quick_sort,595179,99,0,0,1652172082.658208
quick_sort,157464,9,0,0,1652172097.8600502
quick_sort,125484,76,0,0,1652197664.7161884
quick_sort,19759,15,0,0,1652197667.9764593
quick_sort,796908,8,0,0,1652197687.7254913
quick_sort,10000,9,0,0,1652197687.8664565
quick_sort,29160,10,0,0,1652197688.3604236
quick_sort,17927,8,0,0,1652197688.7221727
quick_sort,197594,141,0,0,1652197688.9881184
quick_sort,63506,15,0,0,1652197703.3798935
quick_sort,10000,8,0,0,1652197713.7849355
quick_sort,162655,20,0,0,1652197727.4119616
quick_sort,204107,6,0,0,1652197733.9849293
quick_sort,723027,35,0,0,1652197739.411221
quick_sort,301212,262,0,0,1652197739.748525
quick_sort,377976,61,0,0,1652197757.9680302
quick_sort,36591,4,0,0,1652197759.679623
quick_sort,540000,248,0,0,1652197760.5472503
quick_sort,82317,31,0,0,1652197761.0580056
quick_sort,522769,96,0,0,1652197767.0629673
quick_sort,489937,16,0,0,1652197773.8903568
quick_sort,21083,12,0,0,1652197795.3109577
quick_sort,937197,41,0,0,1652197801.4288876
quick_sort,217785,158,0,0,1652197801.8848836
quick_sort,377976,18,0,0,1652197806.1930988
quick_sort,459168,409,0,0,1652197806.7906744
quick_sort,110218,19,0,0,1652197807.8954344
quick_sort,44451,37,0,0,1652197822.7220004
quick_sort,354238,158,0,0,1652197823.4765067
quick_sort,823176,16,0,0,1652197834.6070776
quick_sort,321397,158,0,0,1652197837.6584146
quick_sort,968089,20,0,0,1652197847.796563
quick_sort,390435,134,0,0,1652197848.693229
quick_sort,138307,134,0,0,1652197849.0564396
quick_sort,224963,28,0,0,1652197850.6408453
quick_sort,217785,11,0,0,1652197854.6336355
quick_sort,138307,72,0,0,1652197855.021903
quick_sort,173554,126,0,0,1652197855.3455796
quick_sort,77147,20,0,0,1652197856.132907
quick_sort,217785,20,0,0,1652197858.3802073
quick_sort,168016,41,0,0,1652197864.4087195
quick_sort,65599,5,0,0,1652197873.3678708
quick_sort,44451,14,0,0,1652197874.742702
quick_sort,106701,6,0,0,1652197878.175836
quick_sort,459168,7,0,0,1652197891.730088
quick_sort,1000000,120,0,0,1652197894.0952353
quick_sort,72302,6,0,0,1652197896.4325047
quick_sort,416599,101,0,0,1652197912.365186
quick_sort,576186,387,0,0,1652197912.9784105
quick_sort,40330,8,0,0,1652197913.88252
quick_sort,796908,22,0,0,1652197922.0305426
quick_sort,635063,676,0,0,1652197925.5702708
quick_sort,9072,4,0,0,1652197929.2089646
quick_sort,937197,7,0,0,1652197957.4406195
quick_sort,9371,4,0,0,1652197979.6143537
quick_sort,133893,21,0,0,1652197980.8165803
quick_sort,52276,31,0,0,1652197981.2963686
quick_sort,11021,9,0,0,1652197981.5138102
quick_sort,33199,26,0,0,1652197981.839184
quick_sort,557800,23,0,0,1652198028.3866587
quick_sort,69995,26,0,0,1652198028.879831
quick_sort,191289,12,0,0,1652198068.1279757
quick_sort,74686,7,0,0,1652198070.1948519
quick_sort,21083,5,0,0,1652198071.4613602
quick_sort,179275,14,0,0,1652198074.0619419
quick_sort,14286,4,0,0,1652198074.668441
quick_sort,224963,12,0,0,1652198078.4023333
quick_sort,907290,68,0,0,1652198082.010234
quick_sort,168016,12,0,0,1652198084.7279522
quick_sort,10329,4,0,0,1652198085.2017558
quick_sort,247951,28,0,0,1652198090.2780159
quick_sort,50608,49,0,0,1652198094.6133192
quick_sort,430331,101,0,0,1652198096.0480144
quick_sort,10000,10,0,0,1652198096.359554
quick_sort,850310,7,0,0,1652198120.428689
quick_sort,191289,4,0,0,1652198129.6885173
quick_sort,61479,37,0,0,1652198129.9449034
quick_sort,77147,9,0,0,1652198132.715341
quick_sort,217785,23,0,0,1652198160.7975373
quick_sort,1000000,187,0,0,1652198167.1602318
quick_sort,129621,134,0,0,1652198167.9085295
quick_sort,907290,37,0,0,1652198174.931232
quick_sort,11760,9,0,0,1652198175.089586
quick_sort,301212,293,0,0,1652198175.2848582
quick_sort,27328,6,0,0,1652198176.172717
quick_sort,5227,5,0,0,1652198176.4058232
quick_sort,162655,177,0,0,1652198177.7695327
quick_sort,16801,8,0,0,1652198178.0886188
quick_sort,21778,21,0,0,1652198178.6818335
quick_sort,48993,15,0,0,1652198194.1319892
quick_sort,273287,4,0,0,1652198207.5371637
quick_sort,74686,46,0,0,1652198207.8061116
quick_sort,28229,5,0,0,1652198209.0646727
quick_sort,331991,7,0,0,1652198218.6136415
quick_sort,133893,101,0,0,1652198220.7548213
quick_sort,13830,9,0,0,1652198221.571878
quick_sort,1000000,19,0,0,1652198232.1826882
quick_sort,48993,12,0,0,1652198232.9813328
quick_sort,557800,134,0,0,1652198234.4595537
quick_sort,354238,6,0,0,1652198248.8155
quick_sort,699955,113,0,0,1652198261.4797697
quick_sort,103296,6,0,0,1652198264.7767408
quick_sort,403305,72,0,0,1652198271.0454268
quick_sort,311141,90,0,0,1652198272.0318758
quick_sort,247951,126,0,0,1652198272.7192144
quick_sort,635063,49,0,0,1652198286.1449704
quick_sort,110218,5,0,0,1652198290.3937361
quick_sort,771478,209,0,0,1652198293.5344496
quick_sort,878338,29,0,0,1652198300.7075152
quick_sort,489937,31,0,0,1652198304.4985738
quick_sort,217785,10,0,0,1652198308.9037583
quick_sort,273287,68,0,0,1652198309.8248754
quick_sort,106701,8,0,0,1652198312.5485258
quick_sort,937197,409,0,0,1652198314.0562403
quick_sort,204107,90,0,0,1652198318.4874601
quick_sort,63506,4,0,0,1652198321.9808824
quick_sort,50608,26,0,0,1652198322.2825058
quick_sort,77147,23,0,0,1652198328.0658424
quick_sort,5951,4,0,0,1652198328.2617805
quick_sort,282295,6,0,0,1652198345.861959
quick_sort,614797,65,0,0,1652198349.19374
quick_sort,67761,35,0,0,1652198353.8058927
quick_sort,232379,33,0,0,1652198355.275938
quick_sort,522769,4,0,0,1652198458.7452826
quick_sort,474303,6,0,0,1652198474.8111882
quick_sort,147575,126,0,0,1652198475.3017402
quick_sort,133893,58,0,0,1652198475.706915
quick_sort,1000000,6,0,0,1652198509.292353
quick_sort,96808,6,0,0,1652198512.4159696
quick_sort,403305,6,0,0,1652198525.7991464
quick_sort,162655,68,0,0,1652198545.4816437
quick_sort,152439,4,0,0,1652198553.0145185
quick_sort,699955,6,0,0,1652198576.263075
quick_sort,21083,17,0,0,1652198576.4125896
quick_sort,129621,16,0,0,1652198578.0337234
quick_sort,20410,4,0,0,1652198578.9680505
quick_sort,185184,4,0,0,1652198587.9720998
quick_sort,291600,6,0,0,1652198597.4878223
quick_sort,74686,15,0,0,1652198598.4738452
quick_sort,61479,8,0,0,1652198600.2949312
quick_sort,57618,8,0,0,1652198601.638411
quick_sort,968089,676,0,0,1652198602.7018209
quick_sort,635063,81,0,0,1652198605.6367106
quick_sort,36591,15,0,0,1652198606.1044555
quick_sort,19759,12,0,0,1652198606.3515208
quick_sort,57618,15,0,0,1652198607.0485706
quick_sort,79690,6,0,0,1652198611.4885461
quick_sort,14757,8,0,0,1652198612.1173577
quick_sort,133893,17,0,0,1652198613.7456806
quick_sort,273287,221,0,0,1652198614.0715113
quick_sort,878338,12,0,0,1652198629.015732
quick_sort,16801,9,0,0,1652198629.2687595
quick_sort,67761,12,0,0,1652198631.064038
quick_sort,232379,46,0,0,1652198632.0883005
quick_sort,54000,6,0,0,1652198650.8430824
quick_sort,106701,6,0,0,1652198654.584957
quick_sort,44451,12,0,0,1652198655.245644
quick_sort,22496,16,0,0,1652198655.4305036
quick_sort,850310,14,0,0,1652198677.6922846
quick_sort,264566,17,0,0,1652198680.9277215
quick_sort,301212,8,0,0,1652198688.265693
quick_sort,771478,234,0,0,1652198689.796836
quick_sort,331991,46,0,0,1652198710.9709637
quick_sort,74686,31,0,0,1652198712.832227
quick_sort,823176,11,0,0,1652198727.8995569
quick_sort,129621,52,0,0,1652198728.4554172
quick_sort,125484,9,0,0,1652198736.874187
quick_sort,444515,107,0,0,1652198737.9058576
quick_sort,796908,4,0,0,1652198776.7648613
quick_sort,291600,8,0,0,1652198796.4174926
quick_sort,850310,512,0,0,1652198797.7400804
quick_sort,204107,4,0,0,1652198808.083838
quick_sort,796908,262,0,0,1652198809.9184213
quick_sort,273287,58,0,0,1652198811.1227648
quick_sort,197594,177,0,0,1652198811.4646754
quick_sort,247951,141,0,0,1652198812.0377784
quick_sort,30121,13,0,0,1652198813.7399483
quick_sort,63506,41,0,0,1652198814.0340254
quick_sort,850310,25,0,0,1652198822.893151
quick_sort,506087,221,0,0,1652198823.865478
quick_sort,365915,58,0,0,1652198825.2596624
quick_sort,133893,4,0,0,1652198836.0272162
quick_sort,878338,512,0,0,1652198842.82201
quick_sort,173554,7,0,0,1652198847.849082
quick_sort,197594,187,0,0,1652198848.5335453
quick_sort,43033,39,0,0,1652198851.8707666
quick_sort,37797,6,0,0,1652198854.4604683
quick_sort,185184,8,0,0,1652198860.5263188
quick_sort,796908,39,0,0,1652198865.6900904
quick_sort,522769,277,0,0,1652198866.956038
quick_sort,5400,4,0,0,1652198867.1255643
quick_sort,282295,12,0,0,1652198874.9956946
quick_sort,74686,5,0,0,1652198877.8992295
quick_sort,28229,4,0,0,1652198879.2400599
quick_sort,282295,90,0,0,1652198880.877629
quick_sort,210835,4,0,0,1652198903.793035
quick_sort,16801,8,0,0,1652198904.1682563
quick_sort,77147,4,0,0,1652198907.877671
quick_sort,173554,4,0,0,1652198945.1004827
quick_sort,444515,12,0,0,1652198957.7375586
quick_sort,12962,13,0,0,1652198958.0452888
quick_sort,79690,12,0,0,1652198959.5379686
quick_sort,403305,20,0,0,1652198963.574395
quick_sort,224963,8,0,0,1652198969.350923
quick_sort,746860,22,0,0,1652198976.0832314
quick_sort,878338,17,0,0,1652198986.752241
quick_sort,240038,158,0,0,1652198988.7852902
quick_sort,191289,29,0,0,1652198990.056843
quick_sort,121480,113,0,0,1652198990.3249028
quick_sort,474303,17,0,0,1652198995.9966867
quick_sort,103296,5,0,0,1652199000.951397
quick_sort,390435,366,0,0,1652199003.6956336
quick_sort,850310,209,0,0,1652199005.3114452
quick_sort,291600,90,0,0,1652199006.0654533
quick_sort,655996,387,0,0,1652199006.601636
quick_sort,771478,20,0,0,1652199014.622308
quick_sort,635063,4,0,0,1652199045.4280794
quick_sort,291600,12,0,0,1652199050.3860247
quick_sort,444515,134,0,0,1652199051.5855896
quick_sort,204107,4,0,0,1652199061.7477417
quick_sort,232379,120,0,0,1652199062.3813655
quick_sort,113851,33,0,0,1652199062.9950805
quick_sort,390435,7,0,0,1652199074.0713165
quick_sort,217785,7,0,0,1652199089.222483
quick_sort,311141,107,0,0,1652199090.2109601
quick_sort,79690,29,0,0,1652199090.7817893
quick_sort,635063,29,0,0,1652199095.6015198
quick_sort,264566,65,0,0,1652199096.388518
quick_sort,85031,7,0,0,1652199098.6966856
quick_sort,557800,6,0,0,1652199118.648865
quick_sort,21083,9,0,0,1652199119.0226424
quick_sort,54000,44,0,0,1652199119.5064476
quick_sort,390435,33,0,0,1652199123.2952316
quick_sort,93719,41,0,0,1652199126.936866
quick_sort,850310,4,0,0,1652199169.2610054
quick_sort,197594,10,0,0,1652199173.2963326
quick_sort,907290,23,0,0,1652199181.3059719
quick_sort,12962,10,0,0,1652199181.4920793
quick_sort,110218,13,0,0,1652199183.0844743
quick_sort,878338,22,0,0,1652199191.2632408
quick_sort,576186,37,0,0,1652199194.5507452
quick_sort,321397,15,0,0,1652199200.8958728
quick_sort,264566,35,0,0,1652199202.449247
quick_sort,247951,5,0,0,1652199212.07913
quick_sort,390435,85,0,0,1652199219.1641657
quick_sort,185184,55,0,0,1652199219.8894436
quick_sort,430331,65,0,0,1652199221.5857885
quick_sort,85031,22,0,0,1652199222.4023492
quick_sort,444515,126,0,0,1652199223.1850514
quick_sort,74686,68,0,0,1652199223.3745503
quick_sort,217785,25,0,0,1652199233.817395
quick_sort,430331,6,0,0,1652199248.1323988
quick_sort,878338,55,0,0,1652199271.1387496
quick_sort,74686,9,0,0,1652199272.745434
quick_sort,9680,10,0,0,1652199275.6523116
quick_sort,113851,126,0,0,1652199281.7734995
quick_sort,595179,4,0,0,1652199311.1584718
quick_sort,796908,605,0,0,1652199311.7736533
quick_sort,506087,41,0,0,1652199314.4005556
quick_sort,41659,4,0,0,1652199318.6837714
quick_sort,43033,12,0,0,1652199319.3228264
quick_sort,113851,6,0,0,1652199323.775966
quick_sort,907290,5,0,0,1652199361.0387325
quick_sort,162655,107,0,0,1652199362.0249872
quick_sort,937197,12,0,0,1652199377.9111743
quick_sort,489937,484,0,0,1652199378.464632
quick_sort,968089,85,0,0,1652199380.9085617
quick_sort,61479,21,0,0,1652199381.6467679
quick_sort,677619,234,0,0,1652199384.559718
quick_sort,173554,9,0,0,1652199388.91278
quick_sort,74686,8,0,0,1652199404.960804
quick_sort,416599,44,0,0,1652199422.5557
quick_sort,240038,12,0,0,1652199426.5468407
quick_sort,85031,9,0,0,1652199428.5154214
quick_sort,18518,14,0,0,1652199428.8600607
quick_sort,113851,37,0,0,1652199429.919883
quick_sort,13389,4,0,0,1652199430.7550297
quick_sort,217785,198,0,0,1652199431.1392744
quick_sort,87833,18,0,0,1652199454.893301
quick_sort,771478,605,0,0,1652199456.7924323
quick_sort,247951,52,0,0,1652199457.7223442
quick_sort,27328,8,0,0,1652199458.3078277
quick_sort,937197,33,0,0,1652199465.7036655
quick_sort,87833,15,0,0,1652199466.9561915
quick_sort,39043,6,0,0,1652199468.3408697
quick_sort,1000000,9,0,0,1652199490.3028903
quick_sort,217785,126,0,0,1652199490.7218616
quick_sort,321397,309,0,0,1652199491.4380705
quick_sort,331991,35,0,0,1652199493.4792397
quick_sort,117604,37,0,0,1652199494.0388362
quick_sort,162655,13,0,0,1652199496.7888916
quick_sort,968089,55,0,0,1652199501.1150975
quick_sort,6147,5,0,0,1652199502.4983017
quick_sort,771478,17,0,0,1652199512.0856044
quick_sort,138307,85,0,0,1652199520.8086672
quick_sort,635063,293,0,0,1652199521.8782063
quick_sort,723027,484,0,0,1652199523.0542076
quick_sort,162655,55,0,0,1652199523.6081264
quick_sort,1000000,65,0,0,1652199526.844328
quick_sort,4743,5,0,0,1652199527.6488874
quick_sort,103296,9,0,0,1652199532.1933415
quick_sort,50608,13,0,0,1652199532.897314
quick_sort,59517,21,0,0,1652199533.4012196
quick_sort,746860,7,0,0,1652199555.5185452
quick_sort,41659,7,0,0,1652199556.6196659
quick_sort,191289,6,0,0,1652199562.8021865
quick_sort,14286,4,0,0,1652199564.7370045
quick_sort,614797,277,0,0,1652199567.581435
quick_sort,576186,96,0,0,1652199569.2070727
quick_sort,746860,58,0,0,1652199572.9445388
quick_sort,12548,5,0,0,1652199573.58231
quick_sort,937197,484,0,0,1652199576.5211325
quick_sort,506087,167,0,0,1652199577.1469872
quick_sort,354238,12,0,0,1652199582.9890637
quick_sort,444515,41,0,0,1652199588.1947947
quick_sort,72302,8,0,0,1652199589.874206
quick_sort,474303,29,0,0,1652199594.7946355
quick_sort,878338,640,0,0,1652199595.3246741
quick_sort,79690,17,0,0,1652199599.001709
quick_sort,390435,19,0,0,1652199603.391905
quick_sort,321397,346,0,0,1652199620.1748629
quick_sort,44451,13,0,0,1652199624.283299
quick_sort,354238,5,0,0,1652199638.1107244
quick_sort,403305,58,0,0,1652199639.6326883
quick_sort,21083,4,0,0,1652199640.588113
quick_sort,576186,512,0,0,1652199641.1568415
quick_sort,377976,11,0,0,1652199648.1667154
quick_sort,444515,9,0,0,1652199658.2570913
quick_sort,301212,13,0,0,1652199663.1223054
quick_sort,24795,23,0,0,1652199663.6346455
quick_sort,823176,72,0,0,1652199666.262538
quick_sort,321397,107,0,0,1652199667.0607584
quick_sort,224963,10,0,0,1652199671.4070508
quick_sort,25612,6,0,0,1652199672.1648517
quick_sort,13830,10,0,0,1652199672.347996
quick_sort,311141,18,0,0,1652199676.0286663
quick_sort,103296,41,0,0,1652199676.4606283
quick_sort,162655,14,0,0,1652199708.5476546
quick_sort,823176,23,0,0,1652199716.2572744
quick_sort,8783,4,0,0,1652199726.231389
quick_sort,416599,6,0,0,1652199744.0400262
quick_sort,168016,15,0,0,1652199764.0535436
quick_sort,43033,9,0,0,1652199765.138393
quick_sort,968089,16,0,0,1652199777.2990382
quick_sort,365915,65,0,0,1652199779.3068554
quick_sort,197594,12,0,0,1652199782.812607
quick_sort,377976,198,0,0,1652199783.3076913
quick_sort,968089,572,0,0,1652199789.2705991
quick_sort,37797,39,0,0,1652199789.5701392
quick_sort,100000,52,0,0,1652199789.935349
quick_sort,377976,20,0,0,1652199793.891269
quick_sort,506087,52,0,0,1652199796.417313
quick_sort,142866,25,0,0,1652199806.6134224
quick_sort,576186,10,0,0,1652199817.9936922
quick_sort,50608,9,0,0,1652199819.0110307
quick_sort,96808,4,0,0,1652199823.6835303
quick_sort,968089,58,0,0,1652199835.046364
quick_sort,197594,11,0,0,1652199838.5782473
quick_sort,87833,46,0,0,1652199844.7550664
quick_sort,907290,433,0,0,1652199845.882974
quick_sort,273287,90,0,0,1652199846.5456455
quick_sort,232379,37,0,0,1652199847.9582753
quick_sort,59517,49,0,0,1652199848.1732605
quick_sort,185184,187,0,0,1652199848.93127
quick_sort,321397,55,0,0,1652199850.2620301
quick_sort,173554,4,0,0,1652199858.7486582
quick_sort,142866,55,0,0,1652199859.2594776
quick_sort,138307,141,0,0,1652199859.5629337
quick_sort,110218,46,0,0,1652199860.0101645
quick_sort,103296,8,0,0,1652199862.5904305
quick_sort,52276,11,0,0,1652199863.5160282
quick_sort,11385,4,0,0,1652199864.2467394
quick_sort,937197,198,0,0,1652199866.422781
quick_sort,168016,6,0,0,1652199873.2528646
quick_sort,168016,5,0,0,1652199881.0652564
quick_sort,354238,346,0,0,1652199882.1282234
quick_sort,390435,8,0,0,1652199894.1493576
quick_sort,256124,12,0,0,1652199898.2962165
quick_sort,110218,113,0,0,1652199898.597633
quick_sort,121480,101,0,0,1652199898.805256
quick_sort,117604,46,0,0,1652199899.2772443
quick_sort,32139,19,0,0,1652199899.5678093
quick_sort,93719,12,0,0,1652199901.0405922
quick_sort,232379,49,0,0,1652199902.0874338
quick_sort,8503,8,0,0,1652199902.2119164
quick_sort,595179,327,0,0,1652199902.9724507
quick_sort,191289,44,0,0,1652199903.8674169
quick_sort,14286,8,0,0,1652199904.1393921
quick_sort,19759,7,0,0,1652199921.8012466
quick_sort,522769,572,0,0,1652199977.4295838
quick_sort,416599,234,0,0,1652199977.8160298
quick_sort,771478,248,0,0,1652200041.9769773
quick_sort,79690,4,0,0,1652200045.8437119
quick_sort,224963,248,0,0,1652200059.8291504
quick_sort,321397,234,0,0,1652200061.327365
quick_sort,217785,65,0,0,1652200062.0169702
quick_sort,77147,5,0,0,1652200065.0179713
quick_sort,41659,29,0,0,1652200067.9731102
quick_sort,256124,23,0,0,1652200076.161681
quick_sort,390435,12,0,0,1652200082.8057199
quick_sort,1000000,150,0,0,1652200085.289355
quick_sort,90729,4,0,0,1652200089.6935513
quick_sort,506087,177,0,0,1652200094.407285
quick_sort,23237,8,0,0,1652200101.908806
quick_sort,173554,12,0,0,1652200105.5903118
quick_sort,311141,61,0,0,1652200109.8778467
quick_sort,52276,9,0,0,1652200111.0434055
quick_sort,474303,101,0,0,1652200112.1443515
quick_sort,204107,25,0,0,1652200133.9092128
quick_sort,365915,44,0,0,1652200150.112183
quick_sort,907290,5,0,0,1652200188.8943415
quick_sort,157464,58,0,0,1652200196.4128647
quick_sort,106701,21,0,0,1652200197.357412
quick_sort,635063,541,0,0,1652200199.6271152
quick_sort,699955,7,0,0,1652200219.2646716
quick_sort,595179,5,0,0,1652200243.3003635
quick_sort,37797,10,0,0,1652200244.4508073
quick_sort,635063,309,0,0,1652200250.604567
quick_sort,232379,65,0,0,1652200253.2285118
quick_sort,93719,28,0,0,1652200283.4471555
quick_sort,85031,5,0,0,1652200286.9117596
quick_sort,576186,76,0,0,1652200288.8815787
quick_sort,79690,81,0,0,1652200289.3930833
quick_sort,968089,113,0,0,1652200306.9723008
quick_sort,29160,8,0,0,1652200308.2082791
quick_sort,614797,76,0,0,1652200310.112279
quick_sort,489937,15,0,0,1652200316.9103138
quick_sort,69995,21,0,0,1652200319.0141556
quick_sort,32139,10,0,0,1652200333.925162
quick_sort,614797,640,0,0,1652200334.6071596
quick_sort,9680,8,0,0,1652200334.7588727
quick_sort,937197,26,0,0,1652200343.020329
quick_sort,210835,21,0,0,1652200347.6249335
quick_sort,87833,11,0,0,1652200355.9160461
quick_sort,50608,12,0,0,1652200362.7198067
quick_sort,19128,12,0,0,1652200369.1306462
quick_sort,5578,5,0,0,1652200369.2626824
quick_sort,489937,23,0,0,1652200374.0290852
quick_sort,522769,12,0,0,1652200382.5548198
quick_sort,142866,41,0,0,1652200383.179756
quick_sort,224963,5,0,0,1652200416.1714811
quick_sort,85031,4,0,0,1652200420.2647657
quick_sort,771478,484,0,0,1652200420.7442288
quick_sort,256124,37,0,0,1652200422.216217
quick_sort,152439,72,0,0,1652200422.620258
quick_sort,113851,68,0,0,1652200422.9534702
quick_sort,35423,6,0,0,1652200425.682746
quick_sort,311141,10,0,0,1652200432.0347865
quick_sort,157464,4,0,0,1652200439.7960775
quick_sort,655996,4,0,0,1652200471.8332875
quick_sort,61479,52,0,0,1652200472.0333784
quick_sort,121480,15,0,0,1652200473.75035
quick_sort,723027,541,0,0,1652200476.414067
quick_sort,22496,9,0,0,1652200476.82481
quick_sort,907290,640,0,0,1652200477.9920397
quick_sort,635063,177,0,0,1652200479.6459079
quick_sort,40330,5,0,0,1652200505.289911
quick_sort,390435,39,0,0,1652200507.3947515
quick_sort,273287,4,0,0,1652200520.838117
quick_sort,82317,6,0,0,1652200524.7635038
quick_sort,103296,31,0,0,1652200525.8579907
quick_sort,723027,7,0,0,1652200546.716079
quick_sort,197594,134,0,0,1652200547.0583396
quick_sort,96808,76,0,0,1652200550.787705
quick_sort,321397,20,0,0,1652200554.1921008
quick_sort,331991,26,0,0,1652200556.800093
quick_sort,33199,29,0,0,1652200557.8143864
quick_sort,157464,90,0,0,1652200558.1265018
quick_sort,301212,113,0,0,1652200571.001319
quick_sort,106701,23,0,0,1652200571.8537884
quick_sort,142866,134,0,0,1652200572.110089
quick_sort,878338,409,0,0,1652200573.3685746
quick_sort,614797,248,0,0,1652200574.3459663
quick_sort,311141,26,0,0,1652200576.9407861
quick_sort,85031,29,0,0,1652200579.5663114
quick_sort,699955,134,0,0,1652200581.0191317
quick_sort,133893,33,0,0,1652200582.5636177
quick_sort,506087,12,0,0,1652200590.979203
quick_sort,103296,44,0,0,1652200595.2758381
quick_sort,125484,134,0,0,1652200596.1558807
quick_sort,282295,29,0,0,1652200600.413638
quick_sort,35423,35,0,0,1652200600.6636696
quick_sort,850310,167,0,0,1652200602.1124613
quick_sort,377976,8,0,0,1652200698.0143695
quick_sort,576186,327,0,0,1652200698.787079
quick_sort,61479,44,0,0,1652200699.0295436
quick_sort,13389,7,0,0,1652200701.440261
quick_sort,96808,46,0,0,1652200704.9800282
quick_sort,291600,28,0,0,1652200707.2979243
quick_sort,168016,18,0,0,1652200709.1310816
quick_sort,746860,72,0,0,1652200720.820843
quick_sort,247951,25,0,0,1652200722.790021
quick_sort,157464,158,0,0,1652200722.9874337
quick_sort,459168,33,0,0,1652200726.0066338
quick_sort,11760,4,0,0,1652200726.4816875
quick_sort,331991,14,0,0,1652200731.1762857
quick_sort,937197,120,0,0,1652200733.868588
quick_sort,179275,81,0,0,1652200734.6246629
quick_sort,968089,101,0,0,1652200736.609525
quick_sort,342934,8,0,0,1652200744.9988644
quick_sort,771478,8,0,0,1652200763.9526265
quick_sort,240038,209,0,0,1652200764.1682954
quick_sort,157464,21,0,0,1652200765.759215
quick_sort,342934,187,0,0,1652200776.6300344
quick_sort,10329,7,0,0,1652200777.7460093
quick_sort,489937,113,0,0,1652200783.3471098
quick_sort,301212,120,0,0,1652200783.979506
quick_sort,48993,41,0,0,1652200784.1798089
quick_sort,907290,5,0,0,1652200819.6410484
quick_sort,37797,20,0,0,1652200820.1340656
quick_sort,937197,28,0,0,1652200827.3036249
quick_sort,823176,31,0,0,1652200833.4320693
quick_sort,30121,4,0,0,1652200850.9500492
quick_sort,377976,22,0,0,1652200854.4716074
quick_sort,331991,18,0,0,1652200858.1013377
quick_sort,77147,6,0,0,1652200860.6385248
quick_sort,15243,16,0,0,1652200862.105498
quick_sort,133893,52,0,0,1652200875.227179
quick_sort,50608,8,0,0,1652200876.3939774
quick_sort,595179,37,0,0,1652200880.5788472
quick_sort,21778,6,0,0,1652200881.2825782
quick_sort,100000,5,0,0,1652200885.20534
quick_sort,403305,12,0,0,1652200892.2419477
quick_sort,540000,21,0,0,1652200897.4604754
quick_sort,878338,4,0,0,1652200981.890422
quick_sort,506087,14,0,0,1652200989.3923445
quick_sort,204107,72,0,0,1652200990.3711557
quick_sort,217785,9,0,0,1652200995.2354064
quick_sort,1000000,5,0,0,1652201056.3168418
quick_sort,34293,15,0,0,1652201057.3968954
quick_sort,34293,5,0,0,1652201104.9373386
quick_sort,54000,4,0,0,1652201107.5397685
quick_sort,26456,18,0,0,1652201107.869581
quick_sort,43033,37,0,0,1652201108.0454068
quick_sort,77147,5,0,0,1652201111.0147126
quick_sort,43033,21,0,0,1652201111.328361
quick_sort,723027,409,0,0,1652201113.1228616
quick_sort,823176,20,0,0,1652201121.745867
quick_sort,14757,14,0,0,1652201121.8814166
quick_sort,264566,6,0,0,1652201130.5257602
quick_sort,106701,4,0,0,1652201135.6790693
quick_sort,54000,28,0,0,1652201136.0337088
quick_sort,576186,23,0,0,1652201141.3617382
quick_sort,522769,234,0,0,1652201142.6176224
quick_sort,142866,35,0,0,1652201143.3868864
quick_sort,217785,12,0,0,1652201163.0746605
quick_sort,256124,158,0,0,1652201163.3979626
quick_sort,823176,800,0,0,1652201168.329309
quick_sort,907290,85,0,0,1652201170.8816676
quick_sort,110218,107,0,0,1652201171.0936193
quick_sort,489937,126,0,0,1652201172.422051
quick_sort,907290,61,0,0,1652201175.7543757
quick_sort,85031,72,0,0,1652201178.6270592
quick_sort,444515,68,0,0,1652201180.3144119
quick_sort,10329,4,0,0,1652201180.7185733
quick_sort,459168,8,0,0,1652201197.2401066
quick_sort,100000,4,0,0,1652201202.1043022
quick_sort,4445,4,0,0,1652201204.738794
quick_sort,55780,37,0,0,1652201204.9527605
quick_sort,796908,10,0,0,1652201221.157346
quick_sort,746860,81,0,0,1652201223.6574056
quick_sort,823176,76,0,0,1652201226.941972
quick_sort,125484,10,0,0,1652201229.3759599
quick_sort,41659,5,0,0,1652201232.127342
quick_sort,179275,4,0,0,1652201240.8975155
quick_sort,152439,16,0,0,1652201242.9245121
quick_sort,4033,4,0,0,1652201243.0378773
quick_sort,133893,19,0,0,1652201250.1603634
quick_sort,489937,22,0,0,1652201255.8180375
quick_sort,117604,19,0,0,1652201257.0604868
quick_sort,27328,4,0,0,1652201258.300163
quick_sort,282295,198,0,0,1652201259.1414254
quick_sort,301212,81,0,0,1652201260.1966105
quick_sort,796908,120,0,0,1652201262.332789
quick_sort,57618,7,0,0,1652201263.9162357
quick_sort,273287,35,0,0,1652201265.77128
quick_sort,256124,7,0,0,1652201272.8823633
quick_sort,907290,541,0,0,1652201273.5798259
quick_sort,232379,13,0,0,1652201277.2747061
quick_sort,557800,9,0,0,1652201289.8996818
quick_sort,746860,65,0,0,1652201302.9937925
quick_sort,90729,4,0,0,1652201307.4092307
quick_sort,10329,6,0,0,1652201307.676869
quick_sort,191289,81,0,0,1652201308.289547
quick_sort,850310,19,0,0,1652201318.2228487
quick_sort,37797,6,0,0,1652201321.1011562
quick_sort,746860,15,0,0,1652201341.4210021
quick_sort,121480,6,0,0,1652201362.7854123
quick_sort,256124,209,0,0,1652201363.083466
quick_sort,6559,5,0,0,1652201363.2614968
quick_sort,291600,248,0,0,1652201404.4699667
quick_sort,191289,4,0,0,1652201414.5111752
quick_sort,282295,13,0,0,1652201420.7738535
quick_sort,6147,5,0,0,1652201436.1473694
quick_sort,416599,5,0,0,1652201452.694811
quick_sort,77147,33,0,0,1652201453.5303893
quick_sort,39043,5,0,0,1652201455.0338151
quick_sort,459168,4,0,0,1652201478.8032084
quick_sort,16265,6,0,0,1652201479.2471445
quick_sort,444515,8,0,0,1652201490.1765025
quick_sort,354238,4,0,0,1652201508.0261724
quick_sort,27328,4,0,0,1652201509.4196086
quick_sort,655996,8,0,0,1652201550.2624774
quick_sort,210835,7,0,0,1652201557.668125
quick_sort,907290,33,0,0,1652201563.331507
quick_sort,850310,20,0,0,1652201573.5352106
quick_sort,18518,4,0,0,1652201577.155926
quick_sort,540000,209,0,0,1652201580.7893858
quick_sort,459168,141,0,0,1652201585.5119278
quick_sort,147575,39,0,0,1652201586.2290363
quick_sort,28229,10,0,0,1652201587.311732
quick_sort,291600,49,0,0,1652201588.700276
quick_sort,746860,6,0,0,1652201613.119065
quick_sort,264566,262,0,0,1652201613.9772007
quick_sort,197594,29,0,0,1652201616.0197086
quick_sort,36591,7,0,0,1652201616.9977543
quick_sort,82317,11,0,0,1652201618.4607358
quick_sort,59517,10,0,0,1652201619.6700926
quick_sort,256124,277,0,0,1652201622.9558148
quick_sort,430331,90,0,0,1652201624.343207
quick_sort,635063,640,0,0,1652201625.0265446
quick_sort,210835,33,0,0,1652201626.884009
quick_sort,57618,6,0,0,1652201629.3441808
quick_sort,6559,4,0,0,1652201629.5728338
quick_sort,677619,541,0,0,1652201629.9382222
quick_sort,506087,107,0,0,1652201631.1320302
quick_sort,11385,4,0,0,1652201631.8327463
quick_sort,26456,4,0,0,1652201634.2468536
quick_sort,746860,21,0,0,1652201641.903279
quick_sort,117604,28,0,0,1652201642.7148483
quick_sort,291600,25,0,0,1652201652.0142853
quick_sort,655996,9,0,0,1652201666.4761305
quick_sort,41659,9,0,0,1652201667.52657
quick_sort,522769,198,0,0,1652201668.695286
quick_sort,273287,10,0,0,1652201677.0603933
quick_sort,210835,8,0,0,1652201682.4698188
quick_sort,28229,4,0,0,1652201683.8016286
quick_sort,430331,4,0,0,1652201706.17746
quick_sort,157464,6,0,0,1652201711.2342556
quick_sort,907290,58,0,0,1652201715.776444
quick_sort,30121,15,0,0,1652201716.097088
quick_sort,48993,9,0,0,1652201719.109742
quick_sort,63506,8,0,0,1652201721.501804
quick_sort,133893,31,0,0,1652201722.5421078
quick_sort,162655,120,0,0,1652201733.0594788
quick_sort,540000,6,0,0,1652201750.8812118
quick_sort,522769,167,0,0,1652201754.1321743
quick_sort,311141,134,0,0,1652201754.8329432
quick_sort,331991,29,0,0,1652201757.2605221
quick_sort,823176,346,0,0,1652201761.6138768
quick_sort,595179,4,0,0,1652201790.7484355
quick_sort,121480,96,0,0,1652201790.9376285
quick_sort,17927,5,0,0,1652201792.546289
quick_sort,204107,20,0,0,1652201794.8253942
quick_sort,256124,126,0,0,1652201816.4814694
quick_sort,403305,158,0,0,1652201817.0830562
quick_sort,45916,26,0,0,1652201817.3768039
quick_sort,4956,5,0,0,1652211973.5903971
quick_sort,4956,5,0,0,1652212019.3970888
quick_sort,5451,5,0,0,1652212020.3083897
quick_sort,5947,5,0,0,1652212020.4330049
quick_sort,4956,5,0,0,1652212020.6796086
quick_sort,5451,5,0,0,1652212021.588525
quick_sort,5947,5,0,0,1652212021.7104266
quick_sort,4956,5,0,0,1652212021.8804197
quick_sort,5451,5,0,0,1652212022.7792153
quick_sort,5947,5,0,0,1652212022.8961377
quick_sort,4956,5,0,0,1652212022.9891865
quick_sort,5451,5,0,0,1652212023.9054608
quick_sort,5947,5,0,0,1652212024.015687
quick_sort,5737,6,0,0,1652212025.4174066
quick_sort,6311,6,0,0,1652212026.4024396
quick_sort,6884,6,0,0,1652212026.5181348
quick_sort,5737,6,0,0,1652212026.608481
quick_sort,6311,6,0,0,1652212027.607436
quick_sort,6884,6,0,0,1652212027.7163756
quick_sort,5737,6,0,0,1652212027.8896358
quick_sort,6311,6,0,0,1652212028.8877587
quick_sort,6884,6,0,0,1652212029.0098011
quick_sort,6641,7,0,0,1652212030.7364194
quick_sort,7305,7,0,0,1652212031.8660846
quick_sort,7970,7,0,0,1652212031.9705372
quick_sort,6973,7,0,0,1652212032.5960727
quick_sort,7671,7,0,0,1652212033.9376185
quick_sort,8368,7,0,0,1652212034.0863812
quick_sort,6973,7,0,0,1652212034.2002325
quick_sort,7671,7,0,0,1652212035.7141032
quick_sort,8368,7,0,0,1652212035.8604884
quick_sort,7688,8,0,0,1652212037.2873955
quick_sort,8457,8,0,0,1652212038.8755744
quick_sort,9226,8,0,0,1652212039.0072386
quick_sort,7688,8,0,0,1652212039.2146215
quick_sort,8457,8,0,0,1652212040.811732
quick_sort,9226,8,0,0,1652212040.9545925
quick_sort,7688,8,0,0,1652212041.2392507
quick_sort,8457,8,0,0,1652212042.842321
quick_sort,9226,8,0,0,1652212042.9823961
quick_sort,8900,9,0,0,1652212045.550792
quick_sort,9790,9,0,0,1652212047.44719
quick_sort,10680,9,0,0,1652212047.5794668
quick_sort,8900,9,0,0,1652212048.1790726
quick_sort,9790,9,0,0,1652212050.071656
quick_sort,10680,9,0,0,1652212050.2119105
quick_sort,9812,10,0,0,1652212052.0728672
quick_sort,10794,10,0,0,1652212054.1394887
quick_sort,11775,10,0,0,1652212054.294106
quick_sort,9812,10,0,0,1652212054.4015958
quick_sort,10794,10,0,0,1652212056.4777105
quick_sort,11775,10,0,0,1652212056.6434848
quick_sort,10818,11,0,0,1652212058.6884668
quick_sort,11900,11,0,0,1652212060.9751685
quick_sort,12982,11,0,0,1652212061.124408
quick_sort,11359,12,0,0,1652212062.8110957
quick_sort,12495,12,0,0,1652212065.1181936
quick_sort,13631,12,0,0,1652212065.2638104
quick_sort,11927,12,0,0,1652212066.602684
quick_sort,13120,12,0,0,1652212069.1362903
quick_sort,14313,12,0,0,1652212069.275237
quick_sort,12523,13,0,0,1652212070.5287535
quick_sort,13776,13,0,0,1652212073.111053
quick_sort,15028,13,0,0,1652212073.24984
quick_sort,12523,13,0,0,1652212073.8345206
quick_sort,13776,13,0,0,1652212076.4036317
quick_sort,15028,13,0,0,1652212076.5469067
quick_sort,13150,14,0,0,1652212079.0019798
quick_sort,14465,14,0,0,1652212081.6442673
quick_sort,15780,14,0,0,1652212081.798015
quick_sort,14498,15,0,0,1652212085.309293
quick_sort,15947,15,0,0,1652212088.3164992
quick_sort,17397,15,0,0,1652212088.450005
quick_sort,15222,16,0,0,1652212091.224865
quick_sort,16745,16,0,0,1652212094.3059053
quick_sort,18267,16,0,0,1652212094.4555666
quick_sort,15222,16,0,0,1652212095.0430663
quick_sort,16745,16,0,0,1652212098.1072469
quick_sort,18267,16,0,0,1652212098.24881
quick_sort,16783,17,0,0,1652212101.6319454
quick_sort,18461,17,0,0,1652212105.1150818
quick_sort,20139,17,0,0,1652212105.2860665
quick_sort,16783,18,0,0,1652212106.6307044
quick_sort,18461,18,0,0,1652212109.9388745
quick_sort,20139,18,0,0,1652212110.1002262
quick_sort,18503,19,0,0,1652212113.4871006
quick_sort,20353,19,0,0,1652212117.3200014
quick_sort,22204,19,0,0,1652212117.4654784
quick_sort,19428,20,0,0,1652212119.6506264
quick_sort,21371,20,0,0,1652212123.606646
quick_sort,23314,20,0,0,1652212123.7680154
quick_sort,20400,21,0,0,1652212125.912378
quick_sort,22440,21,0,0,1652212130.0756266
quick_sort,24480,21,0,0,1652212130.2371671
quick_sort,20400,22,0,0,1652212131.5716143
quick_sort,22440,22,0,0,1652212135.5742004
quick_sort,24480,22,0,0,1652212135.7109873
quick_sort,22491,23,0,0,1652212140.2729433
quick_sort,24740,23,0,0,1652212147.5913706
quick_sort,26989,23,0,0,1652212147.7694793
quick_sort,23615,25,0,0,1652212151.5933092
quick_sort,25977,25,0,0,1652212156.3727908
quick_sort,28338,25,0,0,1652212156.5346632
quick_sort,24796,26,0,0,1652212160.2306416
quick_sort,27276,26,0,0,1652212165.238448
quick_sort,29755,26,0,0,1652212165.3877811
quick_sort,26036,27,0,0,1652212168.3844512
quick_sort,28639,27,0,0,1652212173.7111285
quick_sort,31243,27,0,0,1652212173.8860795
quick_sort,26036,28,0,0,1652212174.0105073
quick_sort,28639,28,0,0,1652212179.159588
quick_sort,31243,28,0,0,1652212179.3263452
quick_sort,28705,30,0,0,1652212185.5329907
quick_sort,31575,30,0,0,1652212191.3024213
quick_sort,34446,30,0,0,1652212191.4796052
quick_sort,28705,31,0,0,1652212192.0481362
quick_sort,31575,31,0,0,1652212197.5796654
quick_sort,34446,31,0,0,1652212197.7294366
quick_sort,31647,33,0,0,1652212203.8172371
quick_sort,34812,33,0,0,1652212210.2021508
quick_sort,37976,33,0,0,1652212210.36176
quick_sort,33229,35,0,0,1652212213.8554356
quick_sort,36552,35,0,0,1652212220.4080667
quick_sort,39875,35,0,0,1652212220.5605395
quick_sort,33229,36,0,0,1652212222.0035985
quick_sort,36552,36,0,0,1652212228.426549
quick_sort,39875,36,0,0,1652212228.5840712
quick_sort,34891,38,0,0,1652212233.3426535
quick_sort,38380,38,0,0,1652212240.1128411
quick_sort,41869,38,0,0,1652212240.3016896
quick_sort,38467,40,0,0,1652212247.9833674
quick_sort,42314,40,0,0,1652212255.748412
quick_sort,46161,40,0,0,1652212255.9310665
quick_sort,40390,42,0,0,1652212259.9979556
quick_sort,44430,42,0,0,1652212268.206031
quick_sort,48469,42,0,0,1652212268.3506508
quick_sort,42410,44,0,0,1652212272.4287615
quick_sort,46651,44,0,0,1652212281.0007691
quick_sort,50892,44,0,0,1652212281.193228
quick_sort,44530,47,0,0,1652212285.8382807
quick_sort,48984,47,0,0,1652212294.7424097
quick_sort,53437,47,0,0,1652212294.8851235
quick_sort,46757,49,0,0,1652212300.18172
quick_sort,51433,49,0,0,1652212309.6188571
quick_sort,56109,49,0,0,1652212309.797663
quick_sort,49095,52,0,0,1652212315.549902
quick_sort,54004,52,0,0,1652212329.3542612
quick_sort,58914,52,0,0,1652212329.5093873
quick_sort,49095,54,0,0,1652212332.0969524
quick_sort,54004,54,0,0,1652212343.7222831
quick_sort,58914,54,0,0,1652212343.8809173
quick_sort,54127,57,0,0,1652212355.4030256
quick_sort,59540,57,0,0,1652212366.7990856
quick_sort,64953,57,0,0,1652212366.986048
quick_sort,56834,60,0,0,1652212375.874526
quick_sort,62517,60,0,0,1652212387.9014952
quick_sort,68200,60,0,0,1652212388.1476529
quick_sort,56834,63,0,0,1652212390.5123754
quick_sort,62517,63,0,0,1652212404.033977
quick_sort,68200,63,0,0,1652212404.2608566
quick_sort,62659,66,0,0,1652212418.823235
quick_sort,68925,66,0,0,1652212432.8752496
quick_sort,75191,66,0,0,1652212433.0735462
quick_sort,62659,69,0,0,1652212438.0050538
quick_sort,68925,69,0,0,1652212452.237135
quick_sort,75191,69,0,0,1652212452.4311817
quick_sort,69082,73,0,0,1652212468.4027998
quick_sort,75990,73,0,0,1652212485.3822882
quick_sort,82898,73,0,0,1652212485.6326818
quick_sort,72536,76,0,0,1652212495.5928655
quick_sort,79789,76,0,0,1652212514.229368
quick_sort,87043,76,0,0,1652212514.5371137
quick_sort,76163,80,0,0,1652212523.5099232
quick_sort,83779,80,0,0,1652212543.619297
quick_sort,91395,80,0,0,1652212543.8796499
quick_sort,79971,84,0,0,1652212554.408669
quick_sort,87968,84,0,0,1652212577.4962776
quick_sort,95965,84,0,0,1652212577.74488
quick_sort,83969,88,0,0,1652212587.8685734
quick_sort,92366,88,0,0,1652212605.1064525
quick_sort,100763,88,0,0,1652212605.27069
quick_sort,88168,93,0,0,1652212616.4265628
quick_sort,96985,93,0,0,1652212634.312248
quick_sort,105801,93,0,0,1652212634.489221
quick_sort,92576,98,0,0,1652212643.4901018
quick_sort,101834,98,0,0,1652212661.4756534
quick_sort,111092,98,0,0,1652212661.7045643
quick_sort,92576,102,0,0,1652212665.298204
quick_sort,101834,102,0,0,1652212682.721542
quick_sort,111092,102,0,0,1652212682.9059875
quick_sort,97205,108,0,0,1652212691.6049166
quick_sort,106926,108,0,0,1652212709.8803148
quick_sort,116646,108,0,0,1652212710.0725064
quick_sort,102065,113,0,0,1652212720.375781
quick_sort,112272,113,0,0,1652212739.4701784
quick_sort,122479,113,0,0,1652212739.7407584
quick_sort,112527,119,0,0,1652212759.7475557
quick_sort,123780,119,0,0,1652212781.884882
quick_sort,135033,119,0,0,1652212782.066071
quick_sort,112527,125,0,0,1652212787.9735355
quick_sort,123780,125,0,0,1652212809.5266857
quick_sort,135033,125,0,0,1652212809.698434
quick_sort,124061,131,0,0,1652212832.4453533
quick_sort,136467,131,0,0,1652212856.792584
quick_sort,148874,131,0,0,1652212857.0558789
quick_sort,130264,137,0,0,1652212869.1871376
quick_sort,143291,137,0,0,1652212894.8321407
quick_sort,156317,137,0,0,1652212895.067088
quick_sort,136778,144,0,0,1652212908.5679486
quick_sort,150455,144,0,0,1652212935.3354812
quick_sort,164133,144,0,0,1652212935.6639576
quick_sort,143616,152,0,0,1652212950.9711514
quick_sort,157978,152,0,0,1652212978.948734
quick_sort,172340,152,0,0,1652212979.325349
quick_sort,143616,159,0,0,1652212983.8255281
quick_sort,157978,159,0,0,1652213010.7920074
quick_sort,172340,159,0,0,1652213011.1492765
quick_sort,150797,167,0,0,1652213026.457162
quick_sort,165877,167,0,0,1652213054.9616823
quick_sort,180957,167,0,0,1652213055.2952964
quick_sort,166254,176,0,0,1652213084.408695
quick_sort,182879,176,0,0,1652213117.0364323
quick_sort,199505,176,0,0,1652213117.2481282
quick_sort,166254,184,0,0,1652213120.2094793
quick_sort,182879,184,0,0,1652213151.5228562
quick_sort,199505,184,0,0,1652213151.8231053
quick_sort,183295,194,0,0,1652213184.370336
quick_sort,201625,194,0,0,1652213220.8355653
quick_sort,219954,194,0,0,1652213221.0520895
quick_sort,183295,203,0,0,1652213232.2181923
quick_sort,201625,203,0,0,1652213266.694244
quick_sort,219954,203,0,0,1652213266.855456
quick_sort,202083,214,0,0,1652213302.522101
quick_sort,222291,214,0,0,1652213342.5287547
quick_sort,242500,214,0,0,1652213342.7313209
quick_sort,202083,224,0,0,1652213359.2565336
quick_sort,222291,224,0,0,1652213397.158313
quick_sort,242500,224,0,0,1652213397.3944936
quick_sort,212187,236,0,0,1652213423.2572749
quick_sort,233406,236,0,0,1652213462.9449284
quick_sort,254625,236,0,0,1652213463.231526
quick_sort,222796,247,0,0,1652213487.5521584
quick_sort,245076,247,0,0,1652213529.3919206
quick_sort,267356,247,0,0,1652213529.7428303
quick_sort,233936,260,0,0,1652213550.502556
quick_sort,257330,260,0,0,1652213598.5438204
quick_sort,280724,260,0,0,1652213599.266434
quick_sort,257915,273,0,0,1652213646.1572294
quick_sort,283706,273,0,0,1652213698.7886972
quick_sort,309498,273,0,0,1652213699.277285
quick_sort,257915,286,0,0,1652213703.5492647
quick_sort,283706,286,0,0,1652213753.4831913
quick_sort,309498,286,0,0,1652213753.8917363
quick_sort,270811,301,0,0,1652213780.9147165
quick_sort,297892,301,0,0,1652213833.1879134
quick_sort,324973,301,0,0,1652213833.747508
quick_sort,284351,316,0,0,1652213866.737447
quick_sort,312786,316,0,0,1652213920.8263474
quick_sort,341221,316,0,0,1652213921.1989002
quick_sort,298569,332,0,0,1652213974.565615
quick_sort,328426,332,0,0,1652214032.2993023
quick_sort,358283,332,0,0,1652214032.9900877
quick_sort,329172,348,0,0,1652214091.4425793
quick_sort,362089,348,0,0,1652214157.4850824
quick_sort,395007,348,0,0,1652214157.9900692
quick_sort,329172,366,0,0,1652214173.8354883
quick_sort,362089,366,0,0,1652214236.5124874
quick_sort,395007,366,0,0,1652214236.9237385
quick_sort,362912,384,0,0,1652214301.2992773
quick_sort,399204,384,0,0,1652214378.377263
quick_sort,435495,384,0,0,1652214379.2244253
quick_sort,362912,403,0,0,1652214405.7589688
quick_sort,399204,403,0,0,1652214475.7401173
quick_sort,435495,403,0,0,1652214476.0958707
quick_sort,381058,423,0,0,1652214521.439099
quick_sort,419164,423,0,0,1652214594.6559527
quick_sort,457270,423,0,0,1652214595.447864
quick_sort,400111,445,0,0,1652214655.027344
quick_sort,440122,445,0,0,1652214732.7610016
quick_sort,480133,445,0,0,1652214733.3238208
quick_sort,420116,467,0,0,1652214788.4459143
quick_sort,462128,467,0,0,1652214869.732747
quick_sort,504140,467,0,0,1652214870.2559536
quick_sort,441122,490,0,0,1652214935.4302168
quick_sort,485235,490,0,0,1652215041.5376635
quick_sort,529347,490,0,0,1652215041.8707643
quick_sort,463178,515,0,0,1652215098.157248
quick_sort,509496,515,0,0,1652215216.6031902
quick_sort,555814,515,0,0,1652215217.0185065
